Имя,Фамилия,Время Запуска
d,d,03/02/2021 14:56:47
o,l,03/02/2021 14:57:30
h,h,03/02/2021 14:58:12
h,h,03/02/2021 14:58:24
dd,dd,03/02/2021 14:58:59
в,в,03/02/2021 15:01:43
p,p,03/02/2021 15:03:03
wdwdwd,wdwdw,03/02/2021 15:04:32
jggjfg,gjgjg,03/02/2021 15:05:09
dda,dadad,03/02/2021 15:06:55
ADADAD,ADADA,03/02/2021 15:07:09
DDDD,DDD,03/02/2021 15:07:13
adadad,adada,03/02/2021 15:07:56
jjj,jjj,03/02/2021 15:08:32
adadad,adada,03/02/2021 15:09:18
h,h,03/02/2021 15:10:20
adadada,adadad,03/02/2021 15:12:13
adadada,adadada,03/02/2021 15:12:46
ddd,ddd,03/02/2021 15:19:18
vitf,ffef,03/02/2021 15:26:34
adada,adada,03/02/2021 15:27:15
cgchb,cbcbc,03/02/2021 15:27:44
dgdgd,dgdgd,03/02/2021 15:28:36
adada,adada,03/02/2021 15:28:52
adadada,dadada,03/02/2021 15:29:02
vIFSF,SFSFS,03/02/2021 15:31:46
fhfhf,fhfh,03/02/2021 15:38:03
adada,adada,03/02/2021 16:04:26
adada,dadad,03/02/2021 16:05:19
Vutakf,aada,03/02/2021 16:27:32
adkada,adkada,03/02/2021 16:38:09
Guahud,Jouara,03/02/2021 16:38:54
Giadf,Adfhui,03/02/2021 16:40:04
Vitlf,Huio,03/02/2021 16:40:58
